﻿<?xml version="1.0" encoding="utf-8"?>
<ImportExportXml version="9.0.0.0" SolutionPackageVersion="9.0" languagecode="1033" generatedBy="Manual">
  <SolutionManifest>
    <UniqueName>ppdd</UniqueName>
    <Version>1.0.0.0</Version>
    <Publisher>
      <UniqueName>MyPublisher</UniqueName>
      <Prefix>myprefix</Prefix>
    </Publisher>
    <!-- Unique Name of Cds Solution-->
    <UniqueName>ppdd</UniqueName>
    <LocalizedNames>
      <!-- Localized Solution Name in language code -->
      <LocalizedName description="ppdd" languagecode="1033" />
    </LocalizedNames>
    <Descriptions />
    <Version>1.0</Version>
    <!-- Solution Package Type: Unmanaged(0)/Managed(1)/Both(2)-->
    <Managed>1</Managed>
    <Publisher>
      <!-- Unique Publisher Name of Cds Solution -->
      <UniqueName>MyPublisher</UniqueName>
      <LocalizedNames>
        <!-- Localized Cds Publisher Name in language code-->
        <LocalizedName description="MyPublisher" languagecode="1033" />
      </LocalizedNames>
      <Descriptions>
        <!-- Description of Cds Publisher in language code -->
        <Description description="MyPublisher" languagecode="1033" />
      </Descriptions>
      <EMailAddress p4:nil="true" xmlns:p4="http://www.w3.org/2001/XMLSchema-instance"></EMailAddress>
      <SupportingWebsiteUrl p4:nil="true" xmlns:p4="http://www.w3.org/2001/XMLSchema-instance"></SupportingWebsiteUrl>
      <!-- Customization Prefix for the Cds Publisher-->
      <CustomizationPrefix>myprefix</CustomizationPrefix>
      <!-- Derived Option Value Prefix for the Customization Prefix of Cds Publisher -->
      <CustomizationOptionValuePrefix>30271</CustomizationOptionValuePrefix>
      <Addresses>
        <!-- Address of the Publisher-->
        <Address>
          <AddressNumber>1</AddressNumber>
          <AddressTypeCode>1</AddressTypeCode>
          <City p6:nil="true" xmlns:p6="http://www.w3.org/2001/XMLSchema-instance"></City>
          <County p6:nil="true" xmlns:p6="http://www.w3.org/2001/XMLSchema-instance"></County>
          <Country p6:nil="true" xmlns:p6="http://www.w3.org/2001/XMLSchema-instance"></Country>
          <Fax p6:nil="true" xmlns:p6="http://www.w3.org/2001/XMLSchema-instance"></Fax>
          <FreightTermsCode p6:nil="true" xmlns:p6="http://www.w3.org/2001/XMLSchema-instance"></FreightTermsCode>
          <ImportSequenceNumber p6:nil="true" xmlns:p6="http://www.w3.org/2001/XMLSchema-instance"></ImportSequenceNumber>
          <Latitude p6:nil="true" xmlns:p6="http://www.w3.org/2001/XMLSchema-instance"></Latitude>
          <Line1 p6:nil="true" xmlns:p6="http://www.w3.org/2001/XMLSchema-instance"></Line1>
          <Line2 p6:nil="true" xmlns:p6="http://www.w3.org/2001/XMLSchema-instance"></Line2>
          <Line3 p6:nil="true" xmlns:p6="http://www.w3.org/2001/XMLSchema-instance"></Line3>
          <Longitude p6:nil="true" xmlns:p6="http://www.w3.org/2001/XMLSchema-instance"></Longitude>
          <Name p6:nil="true" xmlns:p6="http://www.w3.org/2001/XMLSchema-instance"></Name>
          <PostalCode p6:nil="true" xmlns:p6="http://www.w3.org/2001/XMLSchema-instance"></PostalCode>
          <PostOfficeBox p6:nil="true" xmlns:p6="http://www.w3.org/2001/XMLSchema-instance"></PostOfficeBox>
          <PrimaryContactName p6:nil="true" xmlns:p6="http://www.w3.org/2001/XMLSchema-instance"></PrimaryContactName>
          <ShippingMethodCode>1</ShippingMethodCode>
          <StateOrProvince p6:nil="true" xmlns:p6="http://www.w3.org/2001/XMLSchema-instance"></StateOrProvince>
          <Telephone1 p6:nil="true" xmlns:p6="http://www.w3.org/2001/XMLSchema-instance"></Telephone1>
          <Telephone2 p6:nil="true" xmlns:p6="http://www.w3.org/2001/XMLSchema-instance"></Telephone2>
          <Telephone3 p6:nil="true" xmlns:p6="http://www.w3.org/2001/XMLSchema-instance"></Telephone3>
          <TimeZoneRuleVersionNumber p6:nil="true" xmlns:p6="http://www.w3.org/2001/XMLSchema-instance"></TimeZoneRuleVersionNumber>
          <UPSZone p6:nil="true" xmlns:p6="http://www.w3.org/2001/XMLSchema-instance"></UPSZone>
          <UTCOffset p6:nil="true" xmlns:p6="http://www.w3.org/2001/XMLSchema-instance"></UTCOffset>
          <UTCConversionTimeZoneCode p6:nil="true" xmlns:p6="http://www.w3.org/2001/XMLSchema-instance"></UTCConversionTimeZoneCode>
        </Address>
        <Address>
          <AddressNumber>2</AddressNumber>
          <AddressTypeCode>1</AddressTypeCode>
          <City p6:nil="true" xmlns:p6="http://www.w3.org/2001/XMLSchema-instance"></City>
          <County p6:nil="true" xmlns:p6="http://www.w3.org/2001/XMLSchema-instance"></County>
          <Country p6:nil="true" xmlns:p6="http://www.w3.org/2001/XMLSchema-instance"></Country>
          <Fax p6:nil="true" xmlns:p6="http://www.w3.org/2001/XMLSchema-instance"></Fax>
          <FreightTermsCode p6:nil="true" xmlns:p6="http://www.w3.org/2001/XMLSchema-instance"></FreightTermsCode>
          <ImportSequenceNumber p6:nil="true" xmlns:p6="http://www.w3.org/2001/XMLSchema-instance"></ImportSequenceNumber>
          <Latitude p6:nil="true" xmlns:p6="http://www.w3.org/2001/XMLSchema-instance"></Latitude>
          <Line1 p6:nil="true" xmlns:p6="http://www.w3.org/2001/XMLSchema-instance"></Line1>
          <Line2 p6:nil="true" xmlns:p6="http://www.w3.org/2001/XMLSchema-instance"></Line2>
          <Line3 p6:nil="true" xmlns:p6="http://www.w3.org/2001/XMLSchema-instance"></Line3>
          <Longitude p6:nil="true" xmlns:p6="http://www.w3.org/2001/XMLSchema-instance"></Longitude>
          <Name p6:nil="true" xmlns:p6="http://www.w3.org/2001/XMLSchema-instance"></Name>
          <PostalCode p6:nil="true" xmlns:p6="http://www.w3.org/2001/XMLSchema-instance"></PostalCode>
          <PostOfficeBox p6:nil="true" xmlns:p6="http://www.w3.org/2001/XMLSchema-instance"></PostOfficeBox>
          <PrimaryContactName p6:nil="true" xmlns:p6="http://www.w3.org/2001/XMLSchema-instance"></PrimaryContactName>
          <ShippingMethodCode>1</ShippingMethodCode>
          <StateOrProvince p6:nil="true" xmlns:p6="http://www.w3.org/2001/XMLSchema-instance"></StateOrProvince>
          <Telephone1 p6:nil="true" xmlns:p6="http://www.w3.org/2001/XMLSchema-instance"></Telephone1>
          <Telephone2 p6:nil="true" xmlns:p6="http://www.w3.org/2001/XMLSchema-instance"></Telephone2>
          <Telephone3 p6:nil="true" xmlns:p6="http://www.w3.org/2001/XMLSchema-instance"></Telephone3>
          <TimeZoneRuleVersionNumber p6:nil="true" xmlns:p6="http://www.w3.org/2001/XMLSchema-instance"></TimeZoneRuleVersionNumber>
          <UPSZone p6:nil="true" xmlns:p6="http://www.w3.org/2001/XMLSchema-instance"></UPSZone>
          <UTCOffset p6:nil="true" xmlns:p6="http://www.w3.org/2001/XMLSchema-instance"></UTCOffset>
          <UTCConversionTimeZoneCode p6:nil="true" xmlns:p6="http://www.w3.org/2001/XMLSchema-instance"></UTCConversionTimeZoneCode>
        </Address>
      </Addresses>
    </Publisher>
    <RootComponents />
    <MissingDependencies />
  </SolutionManifest>
</ImportExportXml>